Date,Time,PM10,PM2.5,SO2,CO,O3,NO2,Max,Critical Component,Category,Location
2021-09-01,00:00:00,16.0,28.0,0.0,7.0,0.0,4.0,28.0,PM2.5,Good,Yogyakarta
2021-09-01,01:00:00,16.0,28.0,0.0,7.0,0.0,4.0,28.0,PM2.5,Good,Yogyakarta
2021-09-01,02:00:00,16.0,28.0,0.0,7.0,0.0,4.0,28.0,PM2.5,Good,Yogyakarta
2021-09-01,03:00:00,18.0,32.0,0.0,7.0,1.0,4.0,32.0,PM2.5,Good,Yogyakarta
2021-09-01,04:00:00,18.0,32.0,0.0,6.0,1.0,4.0,32.0,PM2.5,Good,Yogyakarta
2021-09-01,05:00:00,18.0,33.0,0.0,6.0,2.0,4.0,33.0,PM2.5,Good,Yogyakarta
2021-09-01,06:00:00,18.0,32.0,0.0,6.0,3.0,4.0,32.0,PM2.5,Good,Yogyakarta
2021-09-01,07:00:00,18.0,32.0,0.0,6.0,3.0,4.0,32.0,PM2.5,Good,Yogyakarta
2021-09-01,08:00:00,17.0,32.0,0.0,6.0,4.0,4.0,32.0,PM2.5,Good,Yogyakarta
2021-09-01,09:00:00,17.0,32.0,0.0,6.0,4.0,4.0,32.0,PM2.5,Good,Yogyakarta
2021-09-01,10:00:00,17.0,32.0,0.0,6.0,4.0,4.0,32.0,PM2.5,Good,Yogyakarta
2021-09-01,11:00:00,17.0,31.0,0.0,7.0,4.0,4.0,31.0,PM2.5,Good,Yogyakarta
2021-09-01,12:00:00,17.0,32.0,0.0,6.0,4.0,4.0,32.0,PM2.5,Good,Yogyakarta
2021-09-01,13:00:00,17.0,32.0,0.0,7.0,4.0,4.0,32.0,PM2.5,Good,Yogyakarta
2021-09-01,14:00:00,18.0,33.0,0.0,7.0,4.0,4.0,33.0,PM2.5,Good,Yogyakarta
2021-09-01,15:00:00,18.0,34.0,0.0,7.0,4.0,4.0,34.0,PM2.5,Good,Yogyakarta
2021-09-01,16:00:00,18.0,34.0,0.0,7.0,4.0,4.0,34.0,PM2.5,Good,Yogyakarta
2021-09-01,17:00:00,19.0,35.0,0.0,7.0,4.0,4.0,35.0,PM2.5,Good,Yogyakarta
2021-09-01,18:00:00,19.0,35.0,0.0,7.0,4.0,4.0,35.0,PM2.5,Good,Yogyakarta
2021-09-01,19:00:00,19.0,35.0,0.0,7.0,4.0,4.0,35.0,PM2.5,Good,Yogyakarta
2021-09-01,20:00:00,19.0,35.0,0.0,7.0,4.0,4.0,35.0,PM2.5,Good,Yogyakarta
2021-09-01,21:00:00,19.0,36.0,0.0,7.0,5.0,4.0,36.0,PM2.5,Good,Yogyakarta
2021-09-01,22:00:00,20.0,36.0,0.0,7.0,5.0,4.0,36.0,PM2.5,Good,Yogyakarta
2021-09-01,23:00:00,20.0,36.0,0.0,7.0,5.0,4.0,36.0,PM2.5,Good,Yogyakarta
2021-09-02,00:00:00,14.0,28.0,,9.0,,3.0,28.0,PM2.5,Good,Yogyakarta
2021-09-02,01:00:00,13.0,27.0,,9.0,,3.0,27.0,PM2.5,Good,Yogyakarta
2021-09-02,02:00:00,13.0,26.0,,9.0,,3.0,26.0,PM2.5,Good,Yogyakarta
2021-09-02,03:00:00,13.0,26.0,,9.0,,3.0,26.0,PM2.5,Good,Yogyakarta
2021-09-02,04:00:00,12.0,25.0,,9.0,,3.0,25.0,PM2.5,Good,Yogyakarta
2021-09-02,05:00:00,12.0,25.0,,9.0,,3.0,25.0,PM2.5,Good,Yogyakarta
2021-09-02,06:00:00,12.0,24.0,,9.0,,3.0,24.0,PM2.5,Good,Yogyakarta
2021-09-02,07:00:00,12.0,24.0,,8.0,,3.0,24.0,PM2.5,Good,Yogyakarta
2021-09-02,08:00:00,11.0,24.0,,8.0,,3.0,24.0,PM2.5,Good,Yogyakarta
2021-09-02,09:00:00,11.0,23.0,,8.0,,3.0,23.0,PM2.5,Good,Yogyakarta
2021-09-02,10:00:00,11.0,23.0,,8.0,,3.0,23.0,PM2.5,Good,Yogyakarta
2021-09-02,11:00:00,10.0,22.0,,8.0,,3.0,22.0,PM2.5,Good,Yogyakarta
2021-09-02,12:00:00,10.0,20.0,,8.0,,3.0,20.0,PM2.5,Good,Yogyakarta
2021-09-02,13:00:00,9.0,19.0,,8.0,,3.0,19.0,PM2.5,Good,Yogyakarta
2021-09-02,14:00:00,9.0,19.0,,8.0,,3.0,19.0,PM2.5,Good,Yogyakarta
2021-09-02,15:00:00,9.0,18.0,,8.0,,3.0,18.0,PM2.5,Good,Yogyakarta
2021-09-02,16:00:00,8.0,18.0,,8.0,,3.0,18.0,PM2.5,Good,Yogyakarta
2021-09-02,17:00:00,8.0,18.0,,8.0,,3.0,18.0,PM2.5,Good,Yogyakarta
2021-09-02,18:00:00,9.0,19.0,,8.0,,3.0,19.0,PM2.5,Good,Yogyakarta
2021-09-02,19:00:00,9.0,19.0,,7.0,,3.0,19.0,PM2.5,Good,Yogyakarta
2021-09-02,20:00:00,9.0,19.0,,7.0,,3.0,19.0,PM2.5,Good,Yogyakarta
2021-09-02,21:00:00,9.0,19.0,,7.0,,3.0,19.0,PM2.5,Good,Yogyakarta
2021-09-02,22:00:00,9.0,18.0,,7.0,,3.0,18.0,PM2.5,Good,Yogyakarta
2021-09-02,23:00:00,8.0,18.0,,7.0,,3.0,18.0,PM2.5,Good,Yogyakarta
2021-09-03,00:00:00,8.0,18.0,,7.0,,3.0,18.0,PM2.5,Good,Yogyakarta
2021-09-03,01:00:00,8.0,18.0,,7.0,,2.0,18.0,PM2.5,Good,Yogyakarta
2021-09-03,02:00:00,8.0,18.0,,7.0,,2.0,18.0,PM2.5,Good,Yogyakarta
2021-09-03,03:00:00,8.0,18.0,,7.0,,3.0,18.0,PM2.5,Good,Yogyakarta
2021-09-03,04:00:00,8.0,18.0,,7.0,,3.0,18.0,PM2.5,Good,Yogyakarta
2021-09-03,05:00:00,8.0,18.0,,7.0,,3.0,18.0,PM2.5,Good,Yogyakarta
2021-09-03,06:00:00,8.0,18.0,,6.0,,3.0,18.0,PM2.5,Good,Yogyakarta
2021-09-03,07:00:00,8.0,18.0,,6.0,,3.0,18.0,PM2.5,Good,Yogyakarta
2021-09-03,08:00:00,8.0,18.0,,6.0,,3.0,18.0,PM2.5,Good,Yogyakarta
2021-09-03,09:00:00,8.0,18.0,,6.0,,3.0,18.0,PM2.5,Good,Yogyakarta
2021-09-03,10:00:00,9.0,18.0,,6.0,,3.0,18.0,PM2.5,Good,Yogyakarta
2021-09-03,11:00:00,8.0,18.0,,6.0,,3.0,18.0,PM2.5,Good,Yogyakarta
2021-09-03,12:00:00,8.0,18.0,,6.0,,3.0,18.0,PM2.5,Good,Yogyakarta
2021-09-03,13:00:00,8.0,18.0,,6.0,,2.0,18.0,PM2.5,Good,Yogyakarta
2021-09-03,14:00:00,8.0,18.0,,6.0,,2.0,18.0,PM2.5,Good,Yogyakarta
2021-09-03,15:00:00,8.0,18.0,,6.0,,3.0,18.0,PM2.5,Good,Yogyakarta
2021-09-03,16:00:00,9.0,18.0,,6.0,,3.0,18.0,PM2.5,Good,Yogyakarta
2021-09-03,17:00:00,8.0,18.0,,6.0,,3.0,18.0,PM2.5,Good,Yogyakarta
2021-09-03,18:00:00,8.0,18.0,,6.0,,3.0,18.0,PM2.5,Good,Yogyakarta
2021-09-03,19:00:00,8.0,17.0,,6.0,,3.0,17.0,PM2.5,Good,Yogyakarta
2021-09-03,20:00:00,8.0,17.0,,6.0,,3.0,17.0,PM2.5,Good,Yogyakarta
2021-09-03,21:00:00,8.0,17.0,,7.0,,3.0,17.0,PM2.5,Good,Yogyakarta
2021-09-03,22:00:00,8.0,17.0,,7.0,,3.0,17.0,PM2.5,Good,Yogyakarta
2021-09-03,23:00:00,9.0,18.0,,8.0,,3.0,18.0,PM2.5,Good,Yogyakarta
2021-09-04,00:00:00,10.0,20.0,,8.0,,3.0,20.0,PM2.5,Good,Yogyakarta
2021-09-04,01:00:00,10.0,22.0,,8.0,,3.0,22.0,PM2.5,Good,Yogyakarta
2021-09-04,02:00:00,11.0,23.0,,8.0,,3.0,23.0,PM2.5,Good,Yogyakarta
2021-09-04,03:00:00,11.0,23.0,,8.0,,3.0,23.0,PM2.5,Good,Yogyakarta
2021-09-04,04:00:00,11.0,24.0,,9.0,,3.0,24.0,PM2.5,Good,Yogyakarta
2021-09-04,05:00:00,12.0,24.0,,9.0,,3.0,24.0,PM2.5,Good,Yogyakarta
2021-09-04,06:00:00,12.0,25.0,,9.0,,3.0,25.0,PM2.5,Good,Yogyakarta
2021-09-04,07:00:00,12.0,25.0,,9.0,,3.0,25.0,PM2.5,Good,Yogyakarta
2021-09-04,08:00:00,13.0,26.0,,9.0,,3.0,26.0,PM2.5,Good,Yogyakarta
2021-09-04,09:00:00,13.0,27.0,,9.0,,3.0,27.0,PM2.5,Good,Yogyakarta
2021-09-04,10:00:00,13.0,28.0,,9.0,,3.0,28.0,PM2.5,Good,Yogyakarta
2021-09-04,11:00:00,14.0,28.0,,9.0,,3.0,28.0,PM2.5,Good,Yogyakarta
2021-09-04,12:00:00,14.0,28.0,,9.0,,3.0,28.0,PM2.5,Good,Yogyakarta
2021-09-04,13:00:00,14.0,29.0,,9.0,,3.0,29.0,PM2.5,Good,Yogyakarta
2021-09-04,14:00:00,14.0,29.0,,9.0,,3.0,29.0,PM2.5,Good,Yogyakarta
2021-09-04,15:00:00,14.0,29.0,,9.0,,3.0,29.0,PM2.5,Good,Yogyakarta
2021-09-04,16:00:00,14.0,29.0,,9.0,,3.0,29.0,PM2.5,Good,Yogyakarta
2021-09-04,17:00:00,14.0,29.0,,9.0,,3.0,29.0,PM2.5,Good,Yogyakarta
2021-09-04,18:00:00,14.0,29.0,,9.0,,3.0,29.0,PM2.5,Good,Yogyakarta
2021-09-04,19:00:00,14.0,30.0,,9.0,,3.0,30.0,PM2.5,Good,Yogyakarta
2021-09-04,20:00:00,14.0,30.0,,9.0,,3.0,30.0,PM2.5,Good,Yogyakarta
2021-09-04,21:00:00,14.0,30.0,,9.0,,3.0,30.0,PM2.5,Good,Yogyakarta
2021-09-04,22:00:00,14.0,30.0,,9.0,,3.0,30.0,PM2.5,Good,Yogyakarta
2021-09-04,23:00:00,14.0,29.0,,8.0,,3.0,29.0,PM2.5,Good,Yogyakarta
2021-09-05,00:00:00,13.0,27.0,,8.0,,3.0,27.0,PM2.5,Good,Yogyakarta
2021-09-05,01:00:00,12.0,26.0,,8.0,,3.0,26.0,PM2.5,Good,Yogyakarta
2021-09-05,02:00:00,12.0,25.0,,8.0,,3.0,25.0,PM2.5,Good,Yogyakarta
2021-09-05,03:00:00,12.0,25.0,,8.0,,3.0,25.0,PM2.5,Good,Yogyakarta
2021-09-05,04:00:00,12.0,25.0,,8.0,,3.0,25.0,PM2.5,Good,Yogyakarta
2021-09-05,05:00:00,12.0,25.0,,8.0,,3.0,25.0,PM2.5,Good,Yogyakarta
2021-09-05,06:00:00,12.0,25.0,,8.0,,3.0,25.0,PM2.5,Good,Yogyakarta
2021-09-05,07:00:00,12.0,25.0,,7.0,,3.0,25.0,PM2.5,Good,Yogyakarta
2021-09-05,08:00:00,12.0,24.0,,7.0,,3.0,24.0,PM2.5,Good,Yogyakarta
2021-09-05,09:00:00,11.0,24.0,,7.0,,3.0,24.0,PM2.5,Good,Yogyakarta
2021-09-05,10:00:00,11.0,24.0,,7.0,,3.0,24.0,PM2.5,Good,Yogyakarta
2021-09-05,11:00:00,12.0,25.0,,7.0,,3.0,25.0,PM2.5,Good,Yogyakarta
2021-09-05,12:00:00,12.0,26.0,,7.0,,3.0,26.0,PM2.5,Good,Yogyakarta
2021-09-05,13:00:00,13.0,27.0,,7.0,,3.0,27.0,PM2.5,Good,Yogyakarta
2021-09-05,14:00:00,13.0,27.0,,7.0,,3.0,27.0,PM2.5,Good,Yogyakarta
2021-09-05,15:00:00,13.0,28.0,,7.0,,3.0,28.0,PM2.5,Good,Yogyakarta
2021-09-05,16:00:00,13.0,28.0,,7.0,,3.0,28.0,PM2.5,Good,Yogyakarta
2021-09-05,17:00:00,14.0,28.0,,7.0,,3.0,28.0,PM2.5,Good,Yogyakarta
2021-09-05,18:00:00,14.0,28.0,,7.0,,3.0,28.0,PM2.5,Good,Yogyakarta
2021-09-05,19:00:00,14.0,29.0,,8.0,,3.0,29.0,PM2.5,Good,Yogyakarta
2021-09-05,20:00:00,15.0,30.0,,8.0,,3.0,30.0,PM2.5,Good,Yogyakarta
2021-09-05,21:00:00,16.0,32.0,,8.0,,3.0,32.0,PM2.5,Good,Yogyakarta
2021-09-05,22:00:00,17.0,34.0,,8.0,,3.0,34.0,PM2.5,Good,Yogyakarta
2021-09-05,23:00:00,17.0,35.0,,8.0,,4.0,35.0,PM2.5,Good,Yogyakarta
2021-09-06,00:00:00,18.0,36.0,,9.0,,4.0,36.0,PM2.5,Good,Yogyakarta
2021-09-06,01:00:00,18.0,37.0,,9.0,,4.0,37.0,PM2.5,Good,Yogyakarta
2021-09-06,02:00:00,19.0,39.0,,9.0,,3.0,39.0,PM2.5,Good,Yogyakarta
2021-09-06,03:00:00,20.0,39.0,,9.0,,3.0,39.0,PM2.5,Good,Yogyakarta
2021-09-06,04:00:00,20.0,40.0,,9.0,,3.0,40.0,PM2.5,Good,Yogyakarta
2021-09-06,05:00:00,20.0,40.0,,9.0,,3.0,40.0,PM2.5,Good,Yogyakarta
2021-09-06,06:00:00,20.0,40.0,,9.0,,3.0,40.0,PM2.5,Good,Yogyakarta
2021-09-06,07:00:00,19.0,39.0,,9.0,,4.0,39.0,PM2.5,Good,Yogyakarta
2021-09-06,08:00:00,19.0,39.0,,9.0,,4.0,39.0,PM2.5,Good,Yogyakarta
2021-09-06,09:00:00,19.0,39.0,,9.0,,4.0,39.0,PM2.5,Good,Yogyakarta
2021-09-06,10:00:00,19.0,38.0,,9.0,,4.0,38.0,PM2.5,Good,Yogyakarta
2021-09-06,11:00:00,19.0,38.0,,9.0,,4.0,38.0,PM2.5,Good,Yogyakarta
2021-09-06,12:00:00,19.0,38.0,,9.0,,4.0,38.0,PM2.5,Good,Yogyakarta
2021-09-06,13:00:00,19.0,37.0,,9.0,,4.0,37.0,PM2.5,Good,Yogyakarta
2021-09-06,14:00:00,19.0,37.0,,9.0,,4.0,37.0,PM2.5,Good,Yogyakarta
2021-09-06,15:00:00,19.0,38.0,,9.0,,4.0,38.0,PM2.5,Good,Yogyakarta
2021-09-06,16:00:00,19.0,38.0,,9.0,,4.0,38.0,PM2.5,Good,Yogyakarta
2021-09-06,17:00:00,19.0,38.0,,9.0,,4.0,38.0,PM2.5,Good,Yogyakarta
2021-09-06,18:00:00,19.0,38.0,,9.0,,4.0,38.0,PM2.5,Good,Yogyakarta
2021-09-06,19:00:00,19.0,38.0,,9.0,,4.0,38.0,PM2.5,Good,Yogyakarta
2021-09-06,20:00:00,19.0,38.0,,9.0,,3.0,38.0,PM2.5,Good,Yogyakarta
2021-09-06,21:00:00,19.0,38.0,,9.0,,3.0,38.0,PM2.5,Good,Yogyakarta
2021-09-06,22:00:00,19.0,37.0,,9.0,,3.0,37.0,PM2.5,Good,Yogyakarta
2021-09-06,23:00:00,19.0,38.0,,9.0,,3.0,38.0,PM2.5,Good,Yogyakarta
2021-09-07,00:00:00,20.0,39.0,,9.0,,3.0,39.0,PM2.5,Good,Yogyakarta
2021-09-07,01:00:00,20.0,39.0,,9.0,,3.0,39.0,PM2.5,Good,Yogyakarta
2021-09-07,02:00:00,20.0,38.0,,9.0,,3.0,38.0,PM2.5,Good,Yogyakarta
2021-09-07,03:00:00,20.0,38.0,,9.0,,3.0,38.0,PM2.5,Good,Yogyakarta
2021-09-07,04:00:00,19.0,38.0,,9.0,,3.0,38.0,PM2.5,Good,Yogyakarta
2021-09-07,05:00:00,19.0,38.0,,9.0,,3.0,38.0,PM2.5,Good,Yogyakarta
2021-09-07,06:00:00,20.0,38.0,,9.0,,3.0,38.0,PM2.5,Good,Yogyakarta
2021-09-07,07:00:00,20.0,39.0,,9.0,,3.0,39.0,PM2.5,Good,Yogyakarta
2021-09-07,08:00:00,20.0,39.0,,9.0,,3.0,39.0,PM2.5,Good,Yogyakarta
2021-09-07,09:00:00,20.0,39.0,,9.0,,3.0,39.0,PM2.5,Good,Yogyakarta
2021-09-07,10:00:00,21.0,40.0,,9.0,,2.0,40.0,PM2.5,Good,Yogyakarta
2021-09-07,11:00:00,21.0,41.0,,9.0,,2.0,41.0,PM2.5,Good,Yogyakarta
2021-09-07,12:00:00,21.0,41.0,,9.0,,2.0,41.0,PM2.5,Good,Yogyakarta
2021-09-07,13:00:00,21.0,41.0,,9.0,,2.0,41.0,PM2.5,Good,Yogyakarta
2021-09-07,14:00:00,21.0,41.0,,9.0,,2.0,41.0,PM2.5,Good,Yogyakarta
2021-09-07,15:00:00,21.0,40.0,,9.0,,2.0,40.0,PM2.5,Good,Yogyakarta
2021-09-07,16:00:00,20.0,40.0,,9.0,,2.0,40.0,PM2.5,Good,Yogyakarta
2021-09-07,17:00:00,20.0,39.0,,9.0,,2.0,39.0,PM2.5,Good,Yogyakarta
2021-09-07,18:00:00,20.0,39.0,,9.0,,2.0,39.0,PM2.5,Good,Yogyakarta
2021-09-07,19:00:00,20.0,39.0,,9.0,,2.0,39.0,PM2.5,Good,Yogyakarta
2021-09-07,20:00:00,19.0,37.0,,9.0,,2.0,37.0,PM2.5,Good,Yogyakarta
2021-09-07,21:00:00,19.0,36.0,,8.0,,2.0,36.0,PM2.5,Good,Yogyakarta
2021-09-07,22:00:00,18.0,34.0,,8.0,,2.0,34.0,PM2.5,Good,Yogyakarta
2021-09-07,23:00:00,,,,,,,0.0,,Good,Yogyakarta
2021-09-08,00:00:00,15.0,30.0,,8.0,,2.0,30.0,PM2.5,Good,Yogyakarta
2021-09-08,01:00:00,15.0,30.0,,8.0,,2.0,30.0,PM2.5,Good,Yogyakarta
2021-09-08,02:00:00,14.0,29.0,,7.0,,2.0,29.0,PM2.5,Good,Yogyakarta
2021-09-08,03:00:00,14.0,28.0,,7.0,,2.0,28.0,PM2.5,Good,Yogyakarta
2021-09-08,04:00:00,14.0,28.0,,7.0,,2.0,28.0,PM2.5,Good,Yogyakarta
2021-09-08,05:00:00,14.0,27.0,,7.0,,2.0,27.0,PM2.5,Good,Yogyakarta
2021-09-08,06:00:00,13.0,27.0,,7.0,,2.0,27.0,PM2.5,Good,Yogyakarta
2021-09-08,07:00:00,13.0,26.0,,7.0,,2.0,26.0,PM2.5,Good,Yogyakarta
2021-09-08,08:00:00,13.0,26.0,,6.0,,2.0,26.0,PM2.5,Good,Yogyakarta
2021-09-08,09:00:00,13.0,25.0,,6.0,,2.0,25.0,PM2.5,Good,Yogyakarta
2021-09-08,10:00:00,12.0,24.0,,6.0,,2.0,24.0,PM2.5,Good,Yogyakarta
2021-09-08,11:00:00,11.0,23.0,,6.0,,2.0,23.0,PM2.5,Good,Yogyakarta
2021-09-08,12:00:00,11.0,22.0,,6.0,,2.0,22.0,PM2.5,Good,Yogyakarta
2021-09-08,13:00:00,11.0,21.0,,6.0,,2.0,21.0,PM2.5,Good,Yogyakarta
2021-09-08,14:00:00,10.0,21.0,,6.0,,2.0,21.0,PM2.5,Good,Yogyakarta
2021-09-08,15:00:00,10.0,21.0,,6.0,,2.0,21.0,PM2.5,Good,Yogyakarta
2021-09-08,16:00:00,10.0,21.0,,6.0,,2.0,21.0,PM2.5,Good,Yogyakarta
2021-09-08,17:00:00,10.0,21.0,,6.0,,2.0,21.0,PM2.5,Good,Yogyakarta
2021-09-08,18:00:00,10.0,21.0,,6.0,,2.0,21.0,PM2.5,Good,Yogyakarta
2021-09-08,19:00:00,10.0,21.0,,6.0,,2.0,21.0,PM2.5,Good,Yogyakarta
2021-09-08,20:00:00,11.0,22.0,,6.0,,2.0,22.0,PM2.5,Good,Yogyakarta
2021-09-08,21:00:00,11.0,22.0,,6.0,,2.0,22.0,PM2.5,Good,Yogyakarta
2021-09-08,22:00:00,11.0,22.0,,6.0,,2.0,22.0,PM2.5,Good,Yogyakarta
2021-09-08,23:00:00,10.0,22.0,,6.0,,2.0,22.0,PM2.5,Good,Yogyakarta
2021-09-09,00:00:00,11.0,22.0,,7.0,,2.0,22.0,PM2.5,Good,Yogyakarta
2021-09-09,01:00:00,11.0,22.0,,7.0,,2.0,22.0,PM2.5,Good,Yogyakarta
2021-09-09,02:00:00,11.0,22.0,,7.0,,2.0,22.0,PM2.5,Good,Yogyakarta
2021-09-09,03:00:00,11.0,22.0,,7.0,,2.0,22.0,PM2.5,Good,Yogyakarta
2021-09-09,04:00:00,11.0,22.0,,7.0,,2.0,22.0,PM2.5,Good,Yogyakarta
2021-09-09,05:00:00,11.0,23.0,,7.0,,2.0,23.0,PM2.5,Good,Yogyakarta
2021-09-09,06:00:00,11.0,23.0,,7.0,,2.0,23.0,PM2.5,Good,Yogyakarta
2021-09-09,07:00:00,11.0,23.0,,7.0,,2.0,23.0,PM2.5,Good,Yogyakarta
2021-09-09,08:00:00,11.0,23.0,,8.0,,3.0,23.0,PM2.5,Good,Yogyakarta
2021-09-09,09:00:00,11.0,23.0,,8.0,,3.0,23.0,PM2.5,Good,Yogyakarta
2021-09-09,10:00:00,11.0,24.0,,8.0,,3.0,24.0,PM2.5,Good,Yogyakarta
2021-09-09,11:00:00,12.0,24.0,,8.0,,3.0,24.0,PM2.5,Good,Yogyakarta
2021-09-09,12:00:00,12.0,24.0,,8.0,,3.0,24.0,PM2.5,Good,Yogyakarta
2021-09-09,13:00:00,11.0,24.0,,8.0,,3.0,24.0,PM2.5,Good,Yogyakarta
2021-09-09,14:00:00,11.0,24.0,,8.0,,3.0,24.0,PM2.5,Good,Yogyakarta
2021-09-09,15:00:00,11.0,24.0,,8.0,,3.0,24.0,PM2.5,Good,Yogyakarta
2021-09-09,16:00:00,12.0,24.0,,8.0,,3.0,24.0,PM2.5,Good,Yogyakarta
2021-09-09,17:00:00,12.0,24.0,,8.0,,3.0,24.0,PM2.5,Good,Yogyakarta
2021-09-09,18:00:00,11.0,24.0,,8.0,,3.0,24.0,PM2.5,Good,Yogyakarta
2021-09-09,19:00:00,11.0,24.0,,8.0,,4.0,24.0,PM2.5,Good,Yogyakarta
2021-09-09,20:00:00,11.0,24.0,,8.0,,4.0,24.0,PM2.5,Good,Yogyakarta
2021-09-09,21:00:00,12.0,24.0,,8.0,,4.0,24.0,PM2.5,Good,Yogyakarta
2021-09-09,22:00:00,12.0,24.0,,8.0,,4.0,24.0,PM2.5,Good,Yogyakarta
2021-09-09,23:00:00,12.0,25.0,,8.0,,4.0,25.0,PM2.5,Good,Yogyakarta
2021-09-10,00:00:00,12.0,25.0,,8.0,,4.0,25.0,PM2.5,Good,Yogyakarta
2021-09-10,01:00:00,13.0,26.0,,8.0,,5.0,26.0,PM2.5,Good,Yogyakarta
2021-09-10,02:00:00,13.0,27.0,,8.0,,5.0,27.0,PM2.5,Good,Yogyakarta
2021-09-10,03:00:00,14.0,27.0,,8.0,,5.0,27.0,PM2.5,Good,Yogyakarta
2021-09-10,04:00:00,14.0,27.0,,8.0,,5.0,27.0,PM2.5,Good,Yogyakarta
2021-09-10,05:00:00,14.0,27.0,,8.0,,5.0,27.0,PM2.5,Good,Yogyakarta
2021-09-10,06:00:00,14.0,28.0,,8.0,,5.0,28.0,PM2.5,Good,Yogyakarta
2021-09-10,07:00:00,14.0,28.0,,8.0,,5.0,28.0,PM2.5,Good,Yogyakarta
2021-09-10,08:00:00,14.0,28.0,,8.0,,5.0,28.0,PM2.5,Good,Yogyakarta
2021-09-10,09:00:00,15.0,29.0,,7.0,,5.0,29.0,PM2.5,Good,Yogyakarta
2021-09-10,10:00:00,15.0,29.0,,7.0,,5.0,29.0,PM2.5,Good,Yogyakarta
2021-09-10,11:00:00,15.0,30.0,59.0,8.0,,6.0,59.0,SO2,Moderate,Yogyakarta
2021-09-10,12:00:00,16.0,31.0,58.0,8.0,,6.0,58.0,SO2,Moderate,Yogyakarta
2021-09-10,13:00:00,17.0,33.0,57.0,8.0,,6.0,57.0,SO2,Moderate,Yogyakarta
2021-09-10,14:00:00,18.0,34.0,56.0,8.0,,6.0,56.0,SO2,Moderate,Yogyakarta
2021-09-10,15:00:00,18.0,34.0,55.0,8.0,,6.0,55.0,SO2,Moderate,Yogyakarta
2021-09-10,16:00:00,18.0,35.0,56.0,8.0,,6.0,56.0,SO2,Moderate,Yogyakarta
2021-09-10,17:00:00,19.0,35.0,56.0,8.0,,6.0,56.0,SO2,Moderate,Yogyakarta
2021-09-10,18:00:00,19.0,36.0,55.0,8.0,,6.0,55.0,SO2,Moderate,Yogyakarta
2021-09-10,19:00:00,19.0,36.0,55.0,8.0,,6.0,55.0,SO2,Moderate,Yogyakarta
2021-09-10,20:00:00,19.0,36.0,55.0,8.0,,6.0,55.0,SO2,Moderate,Yogyakarta
2021-09-10,21:00:00,19.0,36.0,54.0,7.0,,6.0,54.0,SO2,Moderate,Yogyakarta
2021-09-10,22:00:00,19.0,36.0,53.0,7.0,,6.0,53.0,SO2,Moderate,Yogyakarta
2021-09-10,23:00:00,19.0,35.0,52.0,7.0,,6.0,52.0,SO2,Moderate,Yogyakarta
2021-09-11,00:00:00,19.0,35.0,51.0,7.0,,6.0,51.0,SO2,Moderate,Yogyakarta
2021-09-11,01:00:00,18.0,34.0,50.0,7.0,,6.0,50.0,SO2,Good,Yogyakarta
2021-09-11,02:00:00,18.0,33.0,48.0,7.0,,7.0,48.0,SO2,Good,Yogyakarta
2021-09-11,03:00:00,17.0,33.0,48.0,7.0,,7.0,48.0,SO2,Good,Yogyakarta
2021-09-11,04:00:00,17.0,33.0,48.0,7.0,,7.0,48.0,SO2,Good,Yogyakarta
2021-09-11,05:00:00,17.0,32.0,45.0,7.0,5.0,7.0,45.0,SO2,Good,Yogyakarta
2021-09-11,06:00:00,17.0,32.0,43.0,7.0,5.0,7.0,43.0,SO2,Good,Yogyakarta
2021-09-11,07:00:00,16.0,31.0,42.0,7.0,5.0,7.0,42.0,SO2,Good,Yogyakarta
2021-09-11,08:00:00,16.0,31.0,40.0,7.0,5.0,7.0,40.0,SO2,Good,Yogyakarta
2021-09-11,09:00:00,16.0,30.0,38.0,7.0,5.0,7.0,38.0,SO2,Good,Yogyakarta
2021-09-11,10:00:00,16.0,30.0,36.0,7.0,5.0,7.0,36.0,SO2,Good,Yogyakarta
2021-09-11,11:00:00,16.0,29.0,35.0,7.0,5.0,7.0,35.0,SO2,Good,Yogyakarta
2021-09-11,12:00:00,15.0,29.0,34.0,7.0,5.0,7.0,34.0,SO2,Good,Yogyakarta
2021-09-11,13:00:00,14.0,27.0,34.0,7.0,5.0,7.0,34.0,SO2,Good,Yogyakarta
2021-09-11,14:00:00,14.0,27.0,35.0,7.0,5.0,7.0,35.0,SO2,Good,Yogyakarta
2021-09-11,15:00:00,13.0,26.0,34.0,7.0,5.0,7.0,34.0,SO2,Good,Yogyakarta
2021-09-11,16:00:00,13.0,25.0,34.0,7.0,5.0,7.0,34.0,SO2,Good,Yogyakarta
2021-09-11,17:00:00,13.0,25.0,34.0,7.0,5.0,7.0,34.0,SO2,Good,Yogyakarta
2021-09-11,18:00:00,12.0,25.0,35.0,7.0,5.0,7.0,35.0,SO2,Good,Yogyakarta
2021-09-11,19:00:00,12.0,25.0,36.0,7.0,6.0,7.0,36.0,SO2,Good,Yogyakarta
2021-09-11,20:00:00,12.0,25.0,38.0,7.0,8.0,7.0,38.0,SO2,Good,Yogyakarta
2021-09-11,21:00:00,13.0,25.0,40.0,7.0,11.0,7.0,40.0,SO2,Good,Yogyakarta
2021-09-11,22:00:00,13.0,25.0,42.0,7.0,14.0,7.0,42.0,SO2,Good,Yogyakarta
2021-09-11,23:00:00,13.0,25.0,45.0,7.0,17.0,7.0,45.0,SO2,Good,Yogyakarta
2021-09-12,00:00:00,14.0,26.0,46.0,8.0,20.0,7.0,46.0,SO2,Good,Yogyakarta
2021-09-12,01:00:00,14.0,26.0,49.0,8.0,23.0,7.0,49.0,SO2,Good,Yogyakarta
2021-09-12,02:00:00,14.0,26.0,50.0,8.0,25.0,7.0,50.0,SO2,Good,Yogyakarta
2021-09-12,03:00:00,14.0,27.0,51.0,8.0,28.0,7.0,51.0,SO2,Moderate,Yogyakarta
2021-09-12,04:00:00,14.0,27.0,52.0,8.0,30.0,6.0,52.0,SO2,Moderate,Yogyakarta
2021-09-12,05:00:00,14.0,27.0,53.0,8.0,33.0,6.0,53.0,SO2,Moderate,Yogyakarta
2021-09-12,06:00:00,15.0,27.0,54.0,8.0,35.0,6.0,54.0,SO2,Moderate,Yogyakarta
2021-09-12,07:00:00,15.0,27.0,54.0,8.0,36.0,6.0,54.0,SO2,Moderate,Yogyakarta
2021-09-12,08:00:00,15.0,28.0,55.0,7.0,38.0,6.0,55.0,SO2,Moderate,Yogyakarta
2021-09-12,09:00:00,15.0,27.0,56.0,7.0,40.0,6.0,56.0,SO2,Moderate,Yogyakarta
2021-09-12,10:00:00,15.0,28.0,56.0,7.0,41.0,6.0,56.0,SO2,Moderate,Yogyakarta
2021-09-12,11:00:00,14.0,27.0,57.0,7.0,41.0,6.0,57.0,SO2,Moderate,Yogyakarta
2021-09-12,12:00:00,14.0,27.0,58.0,7.0,42.0,6.0,58.0,SO2,Moderate,Yogyakarta
2021-09-12,13:00:00,15.0,28.0,59.0,7.0,43.0,6.0,59.0,SO2,Moderate,Yogyakarta
2021-09-12,14:00:00,16.0,29.0,59.0,7.0,45.0,6.0,59.0,SO2,Moderate,Yogyakarta
2021-09-12,15:00:00,15.0,29.0,60.0,7.0,46.0,6.0,60.0,SO2,Moderate,Yogyakarta
2021-09-12,16:00:00,16.0,29.0,61.0,8.0,47.0,6.0,61.0,SO2,Moderate,Yogyakarta
2021-09-12,17:00:00,16.0,29.0,62.0,8.0,48.0,6.0,62.0,SO2,Moderate,Yogyakarta
2021-09-12,18:00:00,16.0,30.0,62.0,8.0,51.0,6.0,62.0,SO2,Moderate,Yogyakarta
2021-09-12,19:00:00,16.0,30.0,63.0,8.0,52.0,6.0,63.0,SO2,Moderate,Yogyakarta
2021-09-12,20:00:00,16.0,30.0,63.0,8.0,52.0,6.0,63.0,SO2,Moderate,Yogyakarta
2021-09-12,21:00:00,16.0,29.0,63.0,8.0,52.0,6.0,63.0,SO2,Moderate,Yogyakarta
2021-09-12,22:00:00,16.0,29.0,63.0,9.0,51.0,6.0,63.0,SO2,Moderate,Yogyakarta
2021-09-12,23:00:00,16.0,29.0,63.0,9.0,50.0,6.0,63.0,SO2,Moderate,Yogyakarta
2021-09-13,00:00:00,16.0,29.0,62.0,9.0,49.0,6.0,62.0,SO2,Moderate,Yogyakarta
2021-09-13,01:00:00,16.0,29.0,62.0,9.0,47.0,6.0,62.0,SO2,Moderate,Yogyakarta
2021-09-13,02:00:00,16.0,29.0,62.0,9.0,47.0,6.0,62.0,SO2,Moderate,Yogyakarta
2021-09-13,03:00:00,16.0,29.0,62.0,10.0,47.0,6.0,62.0,SO2,Moderate,Yogyakarta
2021-09-13,04:00:00,16.0,29.0,62.0,10.0,48.0,6.0,62.0,SO2,Moderate,Yogyakarta
2021-09-13,05:00:00,17.0,30.0,62.0,10.0,48.0,6.0,62.0,SO2,Moderate,Yogyakarta
2021-09-13,06:00:00,17.0,30.0,62.0,10.0,48.0,6.0,62.0,SO2,Moderate,Yogyakarta
2021-09-13,07:00:00,17.0,30.0,62.0,11.0,49.0,6.0,62.0,SO2,Moderate,Yogyakarta
2021-09-13,08:00:00,17.0,30.0,62.0,12.0,49.0,6.0,62.0,SO2,Moderate,Yogyakarta
2021-09-13,09:00:00,17.0,30.0,62.0,12.0,49.0,6.0,62.0,SO2,Moderate,Yogyakarta
2021-09-13,10:00:00,17.0,29.0,62.0,12.0,50.0,6.0,62.0,SO2,Moderate,Yogyakarta
2021-09-13,11:00:00,17.0,30.0,60.0,13.0,51.0,6.0,60.0,SO2,Moderate,Yogyakarta
2021-09-13,12:00:00,17.0,30.0,59.0,13.0,50.0,6.0,59.0,SO2,Moderate,Yogyakarta
2021-09-13,13:00:00,16.0,29.0,57.0,13.0,50.0,6.0,57.0,SO2,Moderate,Yogyakarta
2021-09-13,14:00:00,16.0,28.0,55.0,13.0,48.0,6.0,55.0,SO2,Moderate,Yogyakarta
2021-09-13,15:00:00,16.0,28.0,54.0,13.0,47.0,6.0,54.0,SO2,Moderate,Yogyakarta
2021-09-13,16:00:00,16.0,28.0,52.0,13.0,45.0,6.0,52.0,SO2,Moderate,Yogyakarta
2021-09-13,17:00:00,16.0,28.0,51.0,14.0,43.0,6.0,51.0,SO2,Moderate,Yogyakarta
2021-09-13,18:00:00,16.0,28.0,47.0,14.0,40.0,6.0,47.0,SO2,Good,Yogyakarta
2021-09-13,19:00:00,16.0,29.0,42.0,14.0,37.0,6.0,42.0,SO2,Good,Yogyakarta
2021-09-13,20:00:00,17.0,30.0,38.0,14.0,33.0,6.0,38.0,SO2,Good,Yogyakarta
2021-09-13,21:00:00,17.0,31.0,33.0,14.0,30.0,6.0,33.0,SO2,Good,Yogyakarta
2021-09-13,22:00:00,18.0,32.0,31.0,13.0,29.0,6.0,32.0,PM2.5,Good,Yogyakarta
2021-09-13,23:00:00,18.0,32.0,30.0,12.0,27.0,5.0,32.0,PM2.5,Good,Yogyakarta
2021-09-14,00:00:00,18.0,33.0,28.0,12.0,26.0,5.0,33.0,PM2.5,Good,Yogyakarta
2021-09-14,01:00:00,18.0,33.0,27.0,12.0,25.0,5.0,33.0,PM2.5,Good,Yogyakarta
2021-09-14,02:00:00,18.0,33.0,26.0,12.0,23.0,5.0,33.0,PM2.5,Good,Yogyakarta
2021-09-14,03:00:00,18.0,33.0,23.0,12.0,19.0,5.0,33.0,PM2.5,Good,Yogyakarta
2021-09-14,04:00:00,18.0,33.0,19.0,12.0,16.0,5.0,33.0,PM2.5,Good,Yogyakarta
2021-09-14,05:00:00,18.0,33.0,17.0,12.0,13.0,5.0,33.0,PM2.5,Good,Yogyakarta
2021-09-14,06:00:00,18.0,34.0,13.0,12.0,11.0,5.0,34.0,PM2.5,Good,Yogyakarta
2021-09-14,07:00:00,19.0,35.0,9.0,11.0,8.0,5.0,35.0,PM2.5,Good,Yogyakarta
2021-09-14,08:00:00,19.0,35.0,6.0,11.0,7.0,5.0,35.0,PM2.5,Good,Yogyakarta
2021-09-14,09:00:00,20.0,38.0,2.0,11.0,5.0,5.0,38.0,PM2.5,Good,Yogyakarta
2021-09-14,10:00:00,21.0,39.0,0.0,10.0,3.0,6.0,39.0,PM2.5,Good,Yogyakarta
2021-09-14,11:00:00,21.0,38.0,0.0,10.0,2.0,6.0,38.0,PM2.5,Good,Yogyakarta
2021-09-14,12:00:00,21.0,39.0,0.0,10.0,1.0,5.0,39.0,PM2.5,Good,Yogyakarta
2021-09-14,13:00:00,21.0,39.0,0.0,10.0,0.0,5.0,39.0,PM2.5,Good,Yogyakarta
2021-09-14,14:00:00,22.0,40.0,0.0,9.0,0.0,5.0,40.0,PM2.5,Good,Yogyakarta
2021-09-14,15:00:00,22.0,40.0,0.0,9.0,0.0,5.0,40.0,PM2.5,Good,Yogyakarta
2021-09-14,16:00:00,22.0,41.0,0.0,9.0,0.0,5.0,41.0,PM2.5,Good,Yogyakarta
2021-09-14,17:00:00,22.0,40.0,0.0,9.0,0.0,5.0,40.0,PM2.5,Good,Yogyakarta
2021-09-14,18:00:00,21.0,39.0,0.0,9.0,0.0,5.0,39.0,PM2.5,Good,Yogyakarta
2021-09-14,19:00:00,21.0,38.0,0.0,10.0,0.0,5.0,38.0,PM2.5,Good,Yogyakarta
2021-09-14,20:00:00,20.0,36.0,0.0,10.0,0.0,5.0,36.0,PM2.5,Good,Yogyakarta
2021-09-14,21:00:00,19.0,35.0,0.0,10.0,0.0,5.0,35.0,PM2.5,Good,Yogyakarta
2021-09-14,22:00:00,19.0,34.0,0.0,10.0,1.0,5.0,34.0,PM2.5,Good,Yogyakarta
2021-09-14,23:00:00,18.0,32.0,0.0,9.0,1.0,5.0,32.0,PM2.5,Good,Yogyakarta
2021-09-15,00:00:00,17.0,31.0,0.0,9.0,1.0,5.0,31.0,PM2.5,Good,Yogyakarta
2021-09-15,01:00:00,17.0,30.0,0.0,9.0,1.0,5.0,30.0,PM2.5,Good,Yogyakarta
2021-09-15,02:00:00,17.0,29.0,0.0,9.0,1.0,5.0,29.0,PM2.5,Good,Yogyakarta
2021-09-15,03:00:00,16.0,29.0,0.0,9.0,1.0,5.0,29.0,PM2.5,Good,Yogyakarta
2021-09-15,04:00:00,16.0,28.0,0.0,9.0,2.0,5.0,28.0,PM2.5,Good,Yogyakarta
2021-09-15,05:00:00,16.0,28.0,0.0,9.0,2.0,5.0,28.0,PM2.5,Good,Yogyakarta
2021-09-15,06:00:00,16.0,28.0,0.0,9.0,2.0,5.0,28.0,PM2.5,Good,Yogyakarta
2021-09-15,07:00:00,15.0,26.0,0.0,9.0,2.0,5.0,26.0,PM2.5,Good,Yogyakarta
2021-09-15,08:00:00,14.0,25.0,0.0,9.0,2.0,5.0,25.0,PM2.5,Good,Yogyakarta
2021-09-15,09:00:00,13.0,22.0,0.0,9.0,2.0,5.0,22.0,PM2.5,Good,Yogyakarta
2021-09-15,10:00:00,11.0,19.0,0.0,9.0,2.0,4.0,19.0,PM2.5,Good,Yogyakarta
2021-09-15,11:00:00,11.0,19.0,0.0,10.0,2.0,5.0,19.0,PM2.5,Good,Yogyakarta
2021-09-15,12:00:00,10.0,18.0,0.0,10.0,2.0,5.0,18.0,PM2.5,Good,Yogyakarta
2021-09-15,13:00:00,10.0,17.0,0.0,10.0,2.0,5.0,17.0,PM2.5,Good,Yogyakarta
2021-09-15,14:00:00,10.0,16.0,0.0,10.0,2.0,5.0,16.0,PM2.5,Good,Yogyakarta
2021-09-15,15:00:00,9.0,15.0,0.0,10.0,2.0,5.0,15.0,PM2.5,Good,Yogyakarta
2021-09-15,16:00:00,8.0,14.0,0.0,10.0,2.0,5.0,14.0,PM2.5,Good,Yogyakarta
2021-09-15,17:00:00,8.0,15.0,0.0,10.0,2.0,5.0,15.0,PM2.5,Good,Yogyakarta
2021-09-15,18:00:00,8.0,15.0,0.0,10.0,2.0,5.0,15.0,PM2.5,Good,Yogyakarta
2021-09-15,19:00:00,9.0,16.0,0.0,9.0,2.0,5.0,16.0,PM2.5,Good,Yogyakarta
2021-09-15,20:00:00,9.0,16.0,0.0,9.0,3.0,5.0,16.0,PM2.5,Good,Yogyakarta
2021-09-15,21:00:00,9.0,17.0,0.0,9.0,3.0,5.0,17.0,PM2.5,Good,Yogyakarta
2021-09-15,22:00:00,10.0,17.0,0.0,9.0,5.0,5.0,17.0,PM2.5,Good,Yogyakarta
2021-09-15,23:00:00,10.0,18.0,1.0,10.0,6.0,5.0,18.0,PM2.5,Good,Yogyakarta
2021-09-16,00:00:00,10.0,19.0,1.0,10.0,9.0,5.0,19.0,PM2.5,Good,Yogyakarta
2021-09-16,01:00:00,10.0,19.0,2.0,10.0,11.0,5.0,19.0,PM2.5,Good,Yogyakarta
2021-09-16,02:00:00,11.0,20.0,3.0,10.0,13.0,5.0,20.0,PM2.5,Good,Yogyakarta
2021-09-16,03:00:00,11.0,20.0,4.0,10.0,16.0,5.0,20.0,PM2.5,Good,Yogyakarta
2021-09-16,04:00:00,11.0,20.0,5.0,10.0,18.0,5.0,20.0,PM2.5,Good,Yogyakarta
2021-09-16,05:00:00,11.0,20.0,5.0,10.0,20.0,5.0,20.0,PM2.5,Good,Yogyakarta
2021-09-16,06:00:00,11.0,20.0,5.0,10.0,20.0,5.0,20.0,PM2.5,Good,Yogyakarta
2021-09-16,07:00:00,11.0,21.0,5.0,10.0,21.0,5.0,21.0,PM2.5,Good,Yogyakarta
2021-09-16,08:00:00,12.0,21.0,5.0,10.0,21.0,5.0,21.0,PM2.5,Good,Yogyakarta
2021-09-16,09:00:00,12.0,22.0,5.0,10.0,22.0,5.0,22.0,PM2.5,Good,Yogyakarta
2021-09-16,10:00:00,13.0,23.0,5.0,10.0,22.0,6.0,23.0,PM2.5,Good,Yogyakarta
2021-09-16,11:00:00,13.0,24.0,5.0,10.0,22.0,6.0,24.0,PM2.5,Good,Yogyakarta
2021-09-16,12:00:00,14.0,25.0,5.0,10.0,22.0,6.0,25.0,PM2.5,Good,Yogyakarta
2021-09-16,13:00:00,14.0,26.0,5.0,10.0,22.0,6.0,26.0,PM2.5,Good,Yogyakarta
2021-09-16,14:00:00,15.0,27.0,5.0,10.0,22.0,6.0,27.0,PM2.5,Good,Yogyakarta
2021-09-16,15:00:00,16.0,29.0,5.0,10.0,22.0,6.0,29.0,PM2.5,Good,Yogyakarta
2021-09-16,16:00:00,16.0,29.0,5.0,10.0,22.0,6.0,29.0,PM2.5,Good,Yogyakarta
2021-09-16,17:00:00,16.0,29.0,5.0,10.0,22.0,6.0,29.0,PM2.5,Good,Yogyakarta
2021-09-16,18:00:00,16.0,29.0,5.0,10.0,22.0,6.0,29.0,PM2.5,Good,Yogyakarta
2021-09-16,19:00:00,16.0,29.0,5.0,10.0,22.0,6.0,29.0,PM2.5,Good,Yogyakarta
2021-09-16,20:00:00,16.0,29.0,5.0,10.0,22.0,6.0,29.0,PM2.5,Good,Yogyakarta
2021-09-16,21:00:00,16.0,29.0,5.0,10.0,21.0,6.0,29.0,PM2.5,Good,Yogyakarta
2021-09-16,22:00:00,16.0,29.0,5.0,10.0,19.0,6.0,29.0,PM2.5,Good,Yogyakarta
2021-09-16,23:00:00,16.0,30.0,5.0,10.0,18.0,5.0,30.0,PM2.5,Good,Yogyakarta
2021-09-17,00:00:00,16.0,30.0,4.0,10.0,15.0,5.0,30.0,PM2.5,Good,Yogyakarta
2021-09-17,01:00:00,17.0,31.0,4.0,10.0,13.0,5.0,31.0,PM2.5,Good,Yogyakarta
2021-09-17,02:00:00,17.0,31.0,3.0,10.0,10.0,5.0,31.0,PM2.5,Good,Yogyakarta
2021-09-17,03:00:00,17.0,31.0,2.0,10.0,8.0,5.0,31.0,PM2.5,Good,Yogyakarta
2021-09-17,04:00:00,17.0,31.0,1.0,10.0,5.0,5.0,31.0,PM2.5,Good,Yogyakarta
2021-09-17,05:00:00,17.0,31.0,1.0,10.0,3.0,5.0,31.0,PM2.5,Good,Yogyakarta
2021-09-17,06:00:00,17.0,31.0,0.0,10.0,2.0,5.0,31.0,PM2.5,Good,Yogyakarta
2021-09-17,07:00:00,17.0,32.0,0.0,10.0,2.0,5.0,32.0,PM2.5,Good,Yogyakarta
2021-09-17,08:00:00,17.0,32.0,0.0,9.0,2.0,5.0,32.0,PM2.5,Good,Yogyakarta
2021-09-17,09:00:00,17.0,32.0,0.0,9.0,1.0,5.0,32.0,PM2.5,Good,Yogyakarta
2021-09-17,10:00:00,17.0,32.0,0.0,9.0,1.0,5.0,32.0,PM2.5,Good,Yogyakarta
2021-09-17,11:00:00,17.0,32.0,0.0,9.0,1.0,5.0,32.0,PM2.5,Good,Yogyakarta
2021-09-17,12:00:00,17.0,32.0,0.0,9.0,1.0,4.0,32.0,PM2.5,Good,Yogyakarta
2021-09-17,13:00:00,17.0,31.0,0.0,9.0,1.0,4.0,31.0,PM2.5,Good,Yogyakarta
2021-09-17,14:00:00,17.0,31.0,0.0,9.0,1.0,4.0,31.0,PM2.5,Good,Yogyakarta
2021-09-17,15:00:00,16.0,30.0,0.0,9.0,1.0,4.0,30.0,PM2.5,Good,Yogyakarta
2021-09-17,16:00:00,16.0,29.0,0.0,9.0,1.0,4.0,29.0,PM2.5,Good,Yogyakarta
2021-09-17,17:00:00,16.0,29.0,0.0,9.0,1.0,4.0,29.0,PM2.5,Good,Yogyakarta
2021-09-17,18:00:00,16.0,29.0,0.0,9.0,1.0,4.0,29.0,PM2.5,Good,Yogyakarta
2021-09-17,19:00:00,15.0,29.0,0.0,9.0,1.0,4.0,29.0,PM2.5,Good,Yogyakarta
2021-09-17,20:00:00,15.0,29.0,0.0,9.0,1.0,4.0,29.0,PM2.5,Good,Yogyakarta
2021-09-17,21:00:00,15.0,29.0,0.0,9.0,1.0,4.0,29.0,PM2.5,Good,Yogyakarta
2021-09-17,22:00:00,15.0,29.0,0.0,9.0,2.0,5.0,29.0,PM2.5,Good,Yogyakarta
2021-09-17,23:00:00,15.0,29.0,0.0,9.0,2.0,5.0,29.0,PM2.5,Good,Yogyakarta
2021-09-18,00:00:00,16.0,30.0,0.0,9.0,3.0,5.0,30.0,PM2.5,Good,Yogyakarta
2021-09-18,01:00:00,16.0,29.0,0.0,9.0,3.0,5.0,29.0,PM2.5,Good,Yogyakarta
2021-09-18,02:00:00,15.0,29.0,0.0,9.0,4.0,5.0,29.0,PM2.5,Good,Yogyakarta
2021-09-18,03:00:00,18.0,34.0,0.0,9.0,5.0,5.0,34.0,PM2.5,Good,Yogyakarta
2021-09-18,04:00:00,18.0,35.0,0.0,9.0,6.0,5.0,35.0,PM2.5,Good,Yogyakarta
2021-09-18,05:00:00,19.0,35.0,0.0,9.0,7.0,5.0,35.0,PM2.5,Good,Yogyakarta
2021-09-18,06:00:00,19.0,35.0,1.0,10.0,8.0,5.0,35.0,PM2.5,Good,Yogyakarta
2021-09-18,07:00:00,19.0,36.0,1.0,10.0,8.0,5.0,36.0,PM2.5,Good,Yogyakarta
2021-09-18,08:00:00,20.0,37.0,1.0,10.0,8.0,5.0,37.0,PM2.5,Good,Yogyakarta
2021-09-18,09:00:00,20.0,37.0,1.0,10.0,9.0,5.0,37.0,PM2.5,Good,Yogyakarta
2021-09-18,10:00:00,20.0,37.0,1.0,10.0,9.0,5.0,37.0,PM2.5,Good,Yogyakarta
2021-09-18,11:00:00,20.0,37.0,1.0,10.0,9.0,5.0,37.0,PM2.5,Good,Yogyakarta
2021-09-18,12:00:00,20.0,37.0,1.0,10.0,9.0,5.0,37.0,PM2.5,Good,Yogyakarta
2021-09-18,13:00:00,20.0,37.0,1.0,10.0,10.0,5.0,37.0,PM2.5,Good,Yogyakarta
2021-09-18,14:00:00,20.0,37.0,1.0,10.0,10.0,5.0,37.0,PM2.5,Good,Yogyakarta
2021-09-18,15:00:00,20.0,37.0,1.0,10.0,10.0,5.0,37.0,PM2.5,Good,Yogyakarta
2021-09-18,16:00:00,20.0,38.0,1.0,10.0,10.0,5.0,38.0,PM2.5,Good,Yogyakarta
2021-09-18,17:00:00,20.0,38.0,1.0,10.0,10.0,5.0,38.0,PM2.5,Good,Yogyakarta
2021-09-18,18:00:00,20.0,38.0,1.0,10.0,10.0,5.0,38.0,PM2.5,Good,Yogyakarta
2021-09-18,19:00:00,21.0,39.0,1.0,10.0,11.0,5.0,39.0,PM2.5,Good,Yogyakarta
2021-09-18,20:00:00,21.0,39.0,1.0,11.0,12.0,5.0,39.0,PM2.5,Good,Yogyakarta
2021-09-18,21:00:00,21.0,39.0,1.0,10.0,12.0,6.0,39.0,PM2.5,Good,Yogyakarta
2021-09-18,22:00:00,21.0,39.0,1.0,10.0,13.0,6.0,39.0,PM2.5,Good,Yogyakarta
2021-09-18,23:00:00,21.0,39.0,1.0,10.0,13.0,6.0,39.0,PM2.5,Good,Yogyakarta
2021-09-19,00:00:00,21.0,39.0,1.0,10.0,14.0,6.0,39.0,PM2.5,Good,Yogyakarta
2021-09-19,01:00:00,20.0,38.0,1.0,10.0,14.0,6.0,38.0,PM2.5,Good,Yogyakarta
2021-09-19,02:00:00,20.0,38.0,2.0,10.0,15.0,6.0,38.0,PM2.5,Good,Yogyakarta
2021-09-19,03:00:00,18.0,34.0,2.0,11.0,17.0,6.0,34.0,PM2.5,Good,Yogyakarta
2021-09-19,04:00:00,18.0,33.0,2.0,11.0,18.0,6.0,33.0,PM2.5,Good,Yogyakarta
2021-09-19,05:00:00,17.0,33.0,3.0,11.0,19.0,6.0,33.0,PM2.5,Good,Yogyakarta
2021-09-19,06:00:00,17.0,32.0,3.0,10.0,20.0,6.0,32.0,PM2.5,Good,Yogyakarta
2021-09-19,07:00:00,16.0,31.0,3.0,10.0,21.0,6.0,31.0,PM2.5,Good,Yogyakarta
2021-09-19,08:00:00,16.0,30.0,3.0,10.0,22.0,6.0,30.0,PM2.5,Good,Yogyakarta
2021-09-19,09:00:00,16.0,30.0,4.0,9.0,23.0,6.0,30.0,PM2.5,Good,Yogyakarta
2021-09-19,10:00:00,16.0,30.0,4.0,9.0,24.0,6.0,30.0,PM2.5,Good,Yogyakarta
2021-09-19,11:00:00,15.0,29.0,4.0,9.0,25.0,6.0,29.0,PM2.5,Good,Yogyakarta
2021-09-19,12:00:00,15.0,29.0,4.0,9.0,25.0,6.0,29.0,PM2.5,Good,Yogyakarta
2021-09-19,13:00:00,15.0,29.0,4.0,9.0,26.0,6.0,29.0,PM2.5,Good,Yogyakarta
2021-09-19,14:00:00,15.0,29.0,4.0,9.0,27.0,6.0,29.0,PM2.5,Good,Yogyakarta
2021-09-19,15:00:00,15.0,29.0,4.0,9.0,27.0,6.0,29.0,PM2.5,Good,Yogyakarta
2021-09-19,16:00:00,15.0,29.0,4.0,8.0,27.0,6.0,29.0,PM2.5,Good,Yogyakarta
2021-09-19,17:00:00,15.0,28.0,4.0,8.0,28.0,6.0,28.0,PM2.5,Good,Yogyakarta
2021-09-19,18:00:00,15.0,28.0,4.0,8.0,28.0,6.0,28.0,PM2.5,Good,Yogyakarta
2021-09-19,19:00:00,15.0,27.0,4.0,8.0,28.0,6.0,28.0,O3,Good,Yogyakarta
2021-09-19,20:00:00,14.0,27.0,4.0,7.0,27.0,6.0,27.0,PM2.5,Good,Yogyakarta
2021-09-19,21:00:00,14.0,27.0,4.0,7.0,27.0,6.0,27.0,PM2.5,Good,Yogyakarta
2021-09-19,22:00:00,14.0,26.0,4.0,7.0,27.0,6.0,27.0,O3,Good,Yogyakarta
2021-09-19,23:00:00,13.0,25.0,4.0,6.0,27.0,6.0,27.0,O3,Good,Yogyakarta
2021-09-20,00:00:00,13.0,24.0,4.0,6.0,27.0,6.0,27.0,O3,Good,Yogyakarta
2021-09-20,01:00:00,12.0,23.0,4.0,6.0,26.0,6.0,26.0,O3,Good,Yogyakarta
2021-09-20,02:00:00,12.0,23.0,4.0,5.0,26.0,6.0,26.0,O3,Good,Yogyakarta
2021-09-20,03:00:00,12.0,22.0,3.0,5.0,25.0,6.0,25.0,O3,Good,Yogyakarta
2021-09-20,04:00:00,11.0,21.0,3.0,5.0,25.0,6.0,25.0,O3,Good,Yogyakarta
2021-09-20,05:00:00,11.0,21.0,3.0,5.0,24.0,6.0,24.0,O3,Good,Yogyakarta
2021-09-20,06:00:00,11.0,21.0,3.0,4.0,23.0,6.0,23.0,O3,Good,Yogyakarta
2021-09-20,07:00:00,11.0,21.0,2.0,4.0,23.0,6.0,23.0,O3,Good,Yogyakarta
2021-09-20,08:00:00,11.0,21.0,2.0,4.0,23.0,6.0,23.0,O3,Good,Yogyakarta
2021-09-20,09:00:00,10.0,20.0,2.0,5.0,22.0,7.0,22.0,O3,Good,Yogyakarta
2021-09-20,10:00:00,10.0,20.0,2.0,5.0,21.0,7.0,21.0,O3,Good,Yogyakarta
2021-09-20,11:00:00,10.0,20.0,2.0,5.0,20.0,7.0,20.0,PM2.5,Good,Yogyakarta
2021-09-20,12:00:00,10.0,19.0,2.0,5.0,19.0,6.0,19.0,PM2.5,Good,Yogyakarta
2021-09-20,13:00:00,10.0,19.0,2.0,5.0,18.0,6.0,19.0,PM2.5,Good,Yogyakarta
2021-09-20,14:00:00,9.0,18.0,2.0,5.0,18.0,6.0,18.0,PM2.5,Good,Yogyakarta
2021-09-20,15:00:00,9.0,18.0,2.0,5.0,17.0,6.0,18.0,PM2.5,Good,Yogyakarta
2021-09-20,16:00:00,9.0,18.0,2.0,5.0,17.0,6.0,18.0,PM2.5,Good,Yogyakarta
2021-09-20,17:00:00,9.0,18.0,2.0,5.0,16.0,6.0,18.0,PM2.5,Good,Yogyakarta
2021-09-20,18:00:00,9.0,18.0,2.0,5.0,16.0,6.0,18.0,PM2.5,Good,Yogyakarta
2021-09-20,19:00:00,9.0,18.0,2.0,5.0,15.0,6.0,18.0,PM2.5,Good,Yogyakarta
2021-09-20,20:00:00,9.0,18.0,2.0,5.0,15.0,6.0,18.0,PM2.5,Good,Yogyakarta
2021-09-20,21:00:00,9.0,18.0,2.0,5.0,14.0,6.0,18.0,PM2.5,Good,Yogyakarta
2021-09-20,22:00:00,9.0,18.0,2.0,5.0,13.0,6.0,18.0,PM2.5,Good,Yogyakarta
2021-09-20,23:00:00,9.0,18.0,1.0,5.0,13.0,6.0,18.0,PM2.5,Good,Yogyakarta
2021-09-21,00:00:00,9.0,18.0,1.0,5.0,12.0,5.0,18.0,PM2.5,Good,Yogyakarta
2021-09-21,01:00:00,9.0,18.0,1.0,5.0,11.0,5.0,18.0,PM2.5,Good,Yogyakarta
2021-09-21,02:00:00,10.0,19.0,1.0,5.0,9.0,5.0,19.0,PM2.5,Good,Yogyakarta
2021-09-21,03:00:00,10.0,20.0,1.0,5.0,8.0,5.0,20.0,PM2.5,Good,Yogyakarta
2021-09-21,04:00:00,10.0,20.0,1.0,5.0,6.0,5.0,20.0,PM2.5,Good,Yogyakarta
2021-09-21,05:00:00,10.0,20.0,1.0,5.0,5.0,5.0,20.0,PM2.5,Good,Yogyakarta
2021-09-21,06:00:00,11.0,22.0,0.0,5.0,3.0,5.0,22.0,PM2.5,Good,Yogyakarta
2021-09-21,07:00:00,11.0,22.0,0.0,5.0,2.0,5.0,22.0,PM2.5,Good,Yogyakarta
2021-09-21,08:00:00,11.0,22.0,0.0,5.0,1.0,4.0,22.0,PM2.5,Good,Yogyakarta
2021-09-21,09:00:00,12.0,23.0,0.0,5.0,1.0,4.0,23.0,PM2.5,Good,Yogyakarta
2021-09-21,10:00:00,12.0,23.0,0.0,5.0,1.0,4.0,23.0,PM2.5,Good,Yogyakarta
2021-09-21,11:00:00,12.0,24.0,0.0,5.0,1.0,4.0,24.0,PM2.5,Good,Yogyakarta
2021-09-21,12:00:00,13.0,25.0,0.0,5.0,1.0,4.0,25.0,PM2.5,Good,Yogyakarta
2021-09-21,13:00:00,13.0,26.0,0.0,6.0,1.0,4.0,26.0,PM2.5,Good,Yogyakarta
2021-09-21,14:00:00,14.0,26.0,0.0,6.0,1.0,4.0,26.0,PM2.5,Good,Yogyakarta
2021-09-21,15:00:00,14.0,26.0,0.0,6.0,1.0,4.0,26.0,PM2.5,Good,Yogyakarta
2021-09-21,16:00:00,14.0,27.0,0.0,6.0,1.0,4.0,27.0,PM2.5,Good,Yogyakarta
2021-09-21,17:00:00,14.0,27.0,0.0,6.0,1.0,4.0,27.0,PM2.5,Good,Yogyakarta
2021-09-21,18:00:00,14.0,28.0,0.0,6.0,1.0,4.0,28.0,PM2.5,Good,Yogyakarta
2021-09-21,19:00:00,15.0,28.0,0.0,6.0,1.0,4.0,28.0,PM2.5,Good,Yogyakarta
2021-09-21,20:00:00,14.0,28.0,0.0,7.0,1.0,5.0,28.0,PM2.5,Good,Yogyakarta
2021-09-21,21:00:00,15.0,27.0,0.0,9.0,2.0,5.0,27.0,PM2.5,Good,Yogyakarta
2021-09-21,22:00:00,15.0,28.0,0.0,10.0,2.0,5.0,28.0,PM2.5,Good,Yogyakarta
2021-09-21,23:00:00,15.0,28.0,0.0,10.0,3.0,5.0,28.0,PM2.5,Good,Yogyakarta
2021-09-22,00:00:00,16.0,29.0,0.0,10.0,4.0,5.0,29.0,PM2.5,Good,Yogyakarta
2021-09-22,01:00:00,16.0,29.0,0.0,10.0,5.0,5.0,29.0,PM2.5,Good,Yogyakarta
2021-09-22,02:00:00,16.0,29.0,0.0,11.0,6.0,5.0,29.0,PM2.5,Good,Yogyakarta
2021-09-22,03:00:00,16.0,29.0,0.0,11.0,7.0,5.0,29.0,PM2.5,Good,Yogyakarta
2021-09-22,04:00:00,16.0,30.0,1.0,11.0,8.0,5.0,30.0,PM2.5,Good,Yogyakarta
2021-09-22,05:00:00,17.0,30.0,1.0,11.0,9.0,5.0,30.0,PM2.5,Good,Yogyakarta
2021-09-22,06:00:00,17.0,30.0,1.0,11.0,9.0,5.0,30.0,PM2.5,Good,Yogyakarta
2021-09-22,07:00:00,17.0,30.0,1.0,12.0,9.0,5.0,30.0,PM2.5,Good,Yogyakarta
2021-09-22,08:00:00,17.0,31.0,1.0,12.0,10.0,5.0,31.0,PM2.5,Good,Yogyakarta
2021-09-22,09:00:00,18.0,32.0,1.0,12.0,10.0,5.0,32.0,PM2.5,Good,Yogyakarta
2021-09-22,10:00:00,18.0,32.0,1.0,12.0,10.0,5.0,32.0,PM2.5,Good,Yogyakarta
2021-09-22,11:00:00,18.0,32.0,1.0,12.0,10.0,5.0,32.0,PM2.5,Good,Yogyakarta
2021-09-22,12:00:00,18.0,32.0,1.0,12.0,10.0,5.0,32.0,PM2.5,Good,Yogyakarta
2021-09-22,13:00:00,17.0,31.0,1.0,12.0,10.0,5.0,31.0,PM2.5,Good,Yogyakarta
2021-09-22,14:00:00,17.0,31.0,1.0,13.0,10.0,5.0,31.0,PM2.5,Good,Yogyakarta
2021-09-22,15:00:00,18.0,32.0,1.0,13.0,11.0,6.0,32.0,PM2.5,Good,Yogyakarta
2021-09-22,16:00:00,18.0,32.0,1.0,13.0,11.0,6.0,32.0,PM2.5,Good,Yogyakarta
2021-09-22,17:00:00,18.0,32.0,1.0,13.0,11.0,6.0,32.0,PM2.5,Good,Yogyakarta
2021-09-22,18:00:00,18.0,32.0,1.0,12.0,11.0,6.0,32.0,PM2.5,Good,Yogyakarta
2021-09-22,19:00:00,18.0,33.0,1.0,12.0,11.0,6.0,33.0,PM2.5,Good,Yogyakarta
2021-09-22,20:00:00,19.0,33.0,1.0,12.0,11.0,6.0,33.0,PM2.5,Good,Yogyakarta
2021-09-22,21:00:00,19.0,34.0,1.0,11.0,11.0,6.0,34.0,PM2.5,Good,Yogyakarta
2021-09-22,22:00:00,19.0,34.0,1.0,10.0,11.0,6.0,34.0,PM2.5,Good,Yogyakarta
2021-09-22,23:00:00,19.0,35.0,1.0,10.0,10.0,6.0,35.0,PM2.5,Good,Yogyakarta
2021-09-23,00:00:00,19.0,36.0,1.0,10.0,11.0,6.0,36.0,PM2.5,Good,Yogyakarta
2021-09-23,01:00:00,19.0,36.0,1.0,9.0,11.0,6.0,36.0,PM2.5,Good,Yogyakarta
2021-09-23,02:00:00,20.0,36.0,1.0,9.0,13.0,6.0,36.0,PM2.5,Good,Yogyakarta
2021-09-23,03:00:00,20.0,36.0,2.0,9.0,14.0,6.0,36.0,PM2.5,Good,Yogyakarta
2021-09-23,04:00:00,20.0,37.0,3.0,10.0,15.0,6.0,37.0,PM2.5,Good,Yogyakarta
2021-09-23,05:00:00,20.0,37.0,3.0,10.0,17.0,6.0,37.0,PM2.5,Good,Yogyakarta
2021-09-23,06:00:00,21.0,38.0,4.0,10.0,19.0,6.0,38.0,PM2.5,Good,Yogyakarta
2021-09-23,07:00:00,21.0,38.0,5.0,10.0,20.0,6.0,38.0,PM2.5,Good,Yogyakarta
2021-09-23,08:00:00,21.0,38.0,5.0,10.0,22.0,7.0,38.0,PM2.5,Good,Yogyakarta
2021-09-23,09:00:00,21.0,37.0,5.0,10.0,23.0,7.0,37.0,PM2.5,Good,Yogyakarta
2021-09-23,10:00:00,20.0,37.0,6.0,10.0,24.0,7.0,37.0,PM2.5,Good,Yogyakarta
2021-09-23,11:00:00,20.0,36.0,6.0,10.0,25.0,7.0,36.0,PM2.5,Good,Yogyakarta
2021-09-23,12:00:00,20.0,36.0,6.0,10.0,26.0,7.0,36.0,PM2.5,Good,Yogyakarta
2021-09-23,13:00:00,20.0,36.0,6.0,10.0,26.0,7.0,36.0,PM2.5,Good,Yogyakarta
2021-09-23,14:00:00,20.0,35.0,6.0,9.0,27.0,7.0,35.0,PM2.5,Good,Yogyakarta
2021-09-23,15:00:00,20.0,35.0,6.0,9.0,27.0,7.0,35.0,PM2.5,Good,Yogyakarta
2021-09-23,16:00:00,19.0,35.0,6.0,9.0,27.0,7.0,35.0,PM2.5,Good,Yogyakarta
2021-09-23,17:00:00,19.0,35.0,6.0,9.0,28.0,7.0,35.0,PM2.5,Good,Yogyakarta
2021-09-23,18:00:00,20.0,36.0,6.0,10.0,28.0,7.0,36.0,PM2.5,Good,Yogyakarta
2021-09-23,19:00:00,20.0,36.0,6.0,10.0,29.0,7.0,36.0,PM2.5,Good,Yogyakarta
2021-09-23,20:00:00,20.0,36.0,6.0,10.0,30.0,7.0,36.0,PM2.5,Good,Yogyakarta
2021-09-23,21:00:00,20.0,36.0,6.0,10.0,31.0,7.0,36.0,PM2.5,Good,Yogyakarta
2021-09-23,22:00:00,21.0,37.0,6.0,9.0,31.0,7.0,37.0,PM2.5,Good,Yogyakarta
2021-09-23,23:00:00,21.0,37.0,6.0,9.0,32.0,7.0,37.0,PM2.5,Good,Yogyakarta
2021-09-24,00:00:00,21.0,37.0,6.0,9.0,32.0,7.0,37.0,PM2.5,Good,Yogyakarta
2021-09-24,01:00:00,21.0,37.0,6.0,9.0,30.0,7.0,37.0,PM2.5,Good,Yogyakarta
2021-09-24,02:00:00,21.0,37.0,5.0,9.0,29.0,7.0,37.0,PM2.5,Good,Yogyakarta
2021-09-24,03:00:00,20.0,36.0,5.0,9.0,27.0,7.0,36.0,PM2.5,Good,Yogyakarta
2021-09-24,04:00:00,20.0,35.0,4.0,9.0,26.0,7.0,35.0,PM2.5,Good,Yogyakarta
2021-09-24,05:00:00,19.0,34.0,3.0,9.0,24.0,7.0,34.0,PM2.5,Good,Yogyakarta
2021-09-24,06:00:00,19.0,34.0,2.0,8.0,23.0,7.0,34.0,PM2.5,Good,Yogyakarta
2021-09-24,07:00:00,18.0,33.0,2.0,8.0,22.0,7.0,33.0,PM2.5,Good,Yogyakarta
2021-09-24,08:00:00,18.0,33.0,2.0,8.0,21.0,7.0,33.0,PM2.5,Good,Yogyakarta
2021-09-24,09:00:00,18.0,33.0,1.0,8.0,21.0,7.0,33.0,PM2.5,Good,Yogyakarta
2021-09-24,10:00:00,18.0,34.0,1.0,8.0,20.0,7.0,34.0,PM2.5,Good,Yogyakarta
2021-09-24,11:00:00,19.0,34.0,1.0,8.0,19.0,7.0,34.0,PM2.5,Good,Yogyakarta
2021-09-24,12:00:00,19.0,34.0,1.0,8.0,18.0,8.0,34.0,PM2.5,Good,Yogyakarta
2021-09-24,13:00:00,19.0,35.0,1.0,8.0,18.0,8.0,35.0,PM2.5,Good,Yogyakarta
2021-09-24,14:00:00,19.0,35.0,1.0,8.0,18.0,8.0,35.0,PM2.5,Good,Yogyakarta
2021-09-24,15:00:00,19.0,35.0,1.0,9.0,17.0,7.0,35.0,PM2.5,Good,Yogyakarta
2021-09-24,16:00:00,19.0,35.0,1.0,8.0,17.0,7.0,35.0,PM2.5,Good,Yogyakarta
2021-09-24,17:00:00,19.0,35.0,1.0,8.0,16.0,7.0,35.0,PM2.5,Good,Yogyakarta
2021-09-24,18:00:00,19.0,35.0,1.0,9.0,15.0,7.0,35.0,PM2.5,Good,Yogyakarta
2021-09-24,19:00:00,19.0,36.0,1.0,8.0,14.0,7.0,36.0,PM2.5,Good,Yogyakarta
2021-09-24,20:00:00,19.0,36.0,1.0,8.0,13.0,7.0,36.0,PM2.5,Good,Yogyakarta
2021-09-24,21:00:00,19.0,35.0,0.0,9.0,12.0,7.0,35.0,PM2.5,Good,Yogyakarta
2021-09-24,22:00:00,19.0,35.0,0.0,9.0,11.0,7.0,35.0,PM2.5,Good,Yogyakarta
2021-09-24,23:00:00,19.0,35.0,0.0,9.0,10.0,7.0,35.0,PM2.5,Good,Yogyakarta
2021-09-25,00:00:00,19.0,35.0,0.0,9.0,10.0,7.0,35.0,PM2.5,Good,Yogyakarta
2021-09-25,01:00:00,19.0,35.0,0.0,9.0,9.0,7.0,35.0,PM2.5,Good,Yogyakarta
2021-09-25,02:00:00,20.0,36.0,0.0,10.0,8.0,7.0,36.0,PM2.5,Good,Yogyakarta
2021-09-25,03:00:00,20.0,37.0,0.0,10.0,7.0,6.0,37.0,PM2.5,Good,Yogyakarta
2021-09-25,04:00:00,20.0,37.0,0.0,10.0,6.0,6.0,37.0,PM2.5,Good,Yogyakarta
2021-09-25,05:00:00,21.0,38.0,0.0,10.0,5.0,6.0,38.0,PM2.5,Good,Yogyakarta
2021-09-25,06:00:00,21.0,38.0,0.0,10.0,4.0,6.0,38.0,PM2.5,Good,Yogyakarta
2021-09-25,07:00:00,21.0,38.0,0.0,10.0,3.0,6.0,38.0,PM2.5,Good,Yogyakarta
2021-09-25,08:00:00,21.0,38.0,0.0,9.0,2.0,6.0,38.0,PM2.5,Good,Yogyakarta
2021-09-25,09:00:00,21.0,38.0,0.0,9.0,1.0,6.0,38.0,PM2.5,Good,Yogyakarta
2021-09-25,10:00:00,21.0,38.0,0.0,9.0,1.0,6.0,38.0,PM2.5,Good,Yogyakarta
2021-09-25,11:00:00,21.0,38.0,0.0,9.0,0.0,6.0,38.0,PM2.5,Good,Yogyakarta
2021-09-25,12:00:00,21.0,39.0,0.0,9.0,0.0,5.0,39.0,PM2.5,Good,Yogyakarta
2021-09-25,13:00:00,22.0,40.0,0.0,9.0,0.0,5.0,40.0,PM2.5,Good,Yogyakarta
2021-09-25,14:00:00,23.0,42.0,0.0,9.0,0.0,6.0,42.0,PM2.5,Good,Yogyakarta
2021-09-25,15:00:00,24.0,43.0,0.0,9.0,0.0,6.0,43.0,PM2.5,Good,Yogyakarta
2021-09-25,16:00:00,24.0,44.0,0.0,9.0,0.0,6.0,44.0,PM2.5,Good,Yogyakarta
2021-09-25,17:00:00,24.0,44.0,0.0,9.0,0.0,6.0,44.0,PM2.5,Good,Yogyakarta
2021-09-25,18:00:00,24.0,43.0,0.0,9.0,1.0,6.0,43.0,PM2.5,Good,Yogyakarta
2021-09-25,19:00:00,24.0,43.0,0.0,9.0,1.0,6.0,43.0,PM2.5,Good,Yogyakarta
2021-09-25,20:00:00,24.0,43.0,0.0,9.0,1.0,6.0,43.0,PM2.5,Good,Yogyakarta
2021-09-25,21:00:00,24.0,43.0,0.0,9.0,2.0,6.0,43.0,PM2.5,Good,Yogyakarta
2021-09-25,22:00:00,23.0,42.0,0.0,9.0,2.0,6.0,42.0,PM2.5,Good,Yogyakarta
2021-09-25,23:00:00,23.0,42.0,0.0,9.0,2.0,6.0,42.0,PM2.5,Good,Yogyakarta
2021-09-26,00:00:00,23.0,42.0,0.0,9.0,3.0,6.0,42.0,PM2.5,Good,Yogyakarta
2021-09-26,01:00:00,23.0,42.0,0.0,9.0,3.0,6.0,42.0,PM2.5,Good,Yogyakarta
2021-09-26,02:00:00,23.0,42.0,0.0,9.0,3.0,7.0,42.0,PM2.5,Good,Yogyakarta
2021-09-26,03:00:00,23.0,42.0,0.0,9.0,3.0,7.0,42.0,PM2.5,Good,Yogyakarta
2021-09-26,04:00:00,22.0,41.0,0.0,9.0,4.0,7.0,41.0,PM2.5,Good,Yogyakarta
2021-09-26,05:00:00,22.0,41.0,0.0,9.0,4.0,7.0,41.0,PM2.5,Good,Yogyakarta
2021-09-26,06:00:00,22.0,41.0,0.0,8.0,5.0,7.0,41.0,PM2.5,Good,Yogyakarta
2021-09-26,07:00:00,22.0,40.0,0.0,8.0,5.0,7.0,40.0,PM2.5,Good,Yogyakarta
2021-09-26,08:00:00,21.0,40.0,0.0,8.0,5.0,7.0,40.0,PM2.5,Good,Yogyakarta
2021-09-26,09:00:00,21.0,40.0,0.0,8.0,5.0,7.0,40.0,PM2.5,Good,Yogyakarta
2021-09-26,10:00:00,21.0,39.0,0.0,8.0,5.0,7.0,39.0,PM2.5,Good,Yogyakarta
2021-09-26,11:00:00,21.0,39.0,0.0,8.0,6.0,7.0,39.0,PM2.5,Good,Yogyakarta
2021-09-26,12:00:00,20.0,38.0,0.0,8.0,6.0,7.0,38.0,PM2.5,Good,Yogyakarta
2021-09-26,13:00:00,20.0,37.0,0.0,8.0,6.0,7.0,37.0,PM2.5,Good,Yogyakarta
2021-09-26,14:00:00,19.0,36.0,0.0,7.0,6.0,7.0,36.0,PM2.5,Good,Yogyakarta
2021-09-26,15:00:00,19.0,36.0,0.0,7.0,6.0,7.0,36.0,PM2.5,Good,Yogyakarta
2021-09-26,16:00:00,19.0,35.0,0.0,7.0,6.0,6.0,35.0,PM2.5,Good,Yogyakarta
2021-09-26,17:00:00,18.0,34.0,0.0,7.0,6.0,6.0,34.0,PM2.5,Good,Yogyakarta
2021-09-26,18:00:00,18.0,33.0,0.0,7.0,6.0,6.0,33.0,PM2.5,Good,Yogyakarta
2021-09-26,19:00:00,17.0,33.0,0.0,7.0,7.0,6.0,33.0,PM2.5,Good,Yogyakarta
2021-09-26,20:00:00,17.0,32.0,0.0,7.0,7.0,6.0,32.0,PM2.5,Good,Yogyakarta
2021-09-26,21:00:00,17.0,32.0,0.0,7.0,8.0,6.0,32.0,PM2.5,Good,Yogyakarta
2021-09-26,22:00:00,17.0,32.0,0.0,7.0,9.0,6.0,32.0,PM2.5,Good,Yogyakarta
2021-09-26,23:00:00,17.0,32.0,0.0,8.0,10.0,6.0,32.0,PM2.5,Good,Yogyakarta
2021-09-27,00:00:00,17.0,31.0,0.0,7.0,11.0,7.0,31.0,PM2.5,Good,Yogyakarta
2021-09-27,01:00:00,16.0,30.0,0.0,7.0,12.0,7.0,30.0,PM2.5,Good,Yogyakarta
2021-09-27,02:00:00,16.0,29.0,0.0,7.0,14.0,7.0,29.0,PM2.5,Good,Yogyakarta
2021-09-27,03:00:00,15.0,28.0,0.0,7.0,15.0,7.0,28.0,PM2.5,Good,Yogyakarta
2021-09-27,04:00:00,15.0,27.0,0.0,7.0,16.0,7.0,27.0,PM2.5,Good,Yogyakarta
2021-09-27,05:00:00,15.0,27.0,1.0,7.0,17.0,7.0,27.0,PM2.5,Good,Yogyakarta
2021-09-27,06:00:00,15.0,27.0,1.0,7.0,18.0,7.0,27.0,PM2.5,Good,Yogyakarta
2021-09-27,07:00:00,15.0,27.0,1.0,8.0,18.0,7.0,27.0,PM2.5,Good,Yogyakarta
2021-09-27,08:00:00,14.0,26.0,1.0,8.0,19.0,7.0,26.0,PM2.5,Good,Yogyakarta
2021-09-27,09:00:00,14.0,26.0,1.0,8.0,19.0,7.0,26.0,PM2.5,Good,Yogyakarta
2021-09-27,10:00:00,14.0,26.0,1.0,8.0,19.0,8.0,26.0,PM2.5,Good,Yogyakarta
2021-09-27,11:00:00,14.0,25.0,1.0,8.0,19.0,7.0,25.0,PM2.5,Good,Yogyakarta
2021-09-27,12:00:00,14.0,25.0,1.0,8.0,19.0,7.0,25.0,PM2.5,Good,Yogyakarta
2021-09-27,13:00:00,13.0,24.0,1.0,8.0,19.0,7.0,24.0,PM2.5,Good,Yogyakarta
2021-09-27,14:00:00,13.0,24.0,1.0,8.0,19.0,7.0,24.0,PM2.5,Good,Yogyakarta
2021-09-27,15:00:00,12.0,23.0,1.0,8.0,19.0,7.0,23.0,PM2.5,Good,Yogyakarta
2021-09-27,16:00:00,12.0,22.0,1.0,8.0,19.0,7.0,22.0,PM2.5,Good,Yogyakarta
2021-09-27,17:00:00,12.0,22.0,1.0,8.0,19.0,7.0,22.0,PM2.5,Good,Yogyakarta
2021-09-27,18:00:00,12.0,22.0,1.0,8.0,18.0,7.0,22.0,PM2.5,Good,Yogyakarta
2021-09-27,19:00:00,12.0,22.0,1.0,8.0,17.0,6.0,22.0,PM2.5,Good,Yogyakarta
2021-09-27,20:00:00,12.0,23.0,1.0,8.0,16.0,6.0,23.0,PM2.5,Good,Yogyakarta
2021-09-27,21:00:00,12.0,22.0,1.0,7.0,15.0,6.0,22.0,PM2.5,Good,Yogyakarta
2021-09-27,22:00:00,12.0,22.0,1.0,7.0,14.0,6.0,22.0,PM2.5,Good,Yogyakarta
2021-09-27,23:00:00,12.0,22.0,1.0,7.0,13.0,6.0,22.0,PM2.5,Good,Yogyakarta
2021-09-28,00:00:00,12.0,22.0,1.0,6.0,11.0,6.0,22.0,PM2.5,Good,Yogyakarta
2021-09-28,01:00:00,12.0,22.0,1.0,6.0,10.0,5.0,22.0,PM2.5,Good,Yogyakarta
2021-09-28,02:00:00,11.0,21.0,1.0,6.0,8.0,5.0,21.0,PM2.5,Good,Yogyakarta
2021-09-28,03:00:00,11.0,21.0,1.0,6.0,6.0,5.0,21.0,PM2.5,Good,Yogyakarta
2021-09-28,04:00:00,11.0,21.0,0.0,6.0,5.0,5.0,21.0,PM2.5,Good,Yogyakarta
2021-09-28,05:00:00,11.0,21.0,0.0,6.0,3.0,5.0,21.0,PM2.5,Good,Yogyakarta
2021-09-28,06:00:00,11.0,21.0,0.0,6.0,2.0,5.0,21.0,PM2.5,Good,Yogyakarta
2021-09-28,07:00:00,11.0,21.0,0.0,5.0,1.0,5.0,21.0,PM2.5,Good,Yogyakarta
2021-09-28,08:00:00,11.0,21.0,0.0,5.0,1.0,5.0,21.0,PM2.5,Good,Yogyakarta
2021-09-28,09:00:00,11.0,21.0,0.0,5.0,0.0,5.0,21.0,PM2.5,Good,Yogyakarta
2021-09-28,10:00:00,11.0,21.0,0.0,5.0,0.0,4.0,21.0,PM2.5,Good,Yogyakarta
2021-09-28,11:00:00,11.0,22.0,0.0,5.0,0.0,4.0,22.0,PM2.5,Good,Yogyakarta
2021-09-28,12:00:00,11.0,22.0,0.0,5.0,0.0,5.0,22.0,PM2.5,Good,Yogyakarta
2021-09-28,13:00:00,12.0,22.0,0.0,5.0,0.0,5.0,22.0,PM2.5,Good,Yogyakarta
2021-09-28,14:00:00,11.0,22.0,0.0,5.0,0.0,5.0,22.0,PM2.5,Good,Yogyakarta
2021-09-28,15:00:00,11.0,21.0,0.0,5.0,0.0,4.0,21.0,PM2.5,Good,Yogyakarta
2021-09-28,16:00:00,11.0,21.0,0.0,5.0,0.0,4.0,21.0,PM2.5,Good,Yogyakarta
2021-09-28,17:00:00,11.0,21.0,0.0,5.0,0.0,4.0,21.0,PM2.5,Good,Yogyakarta
2021-09-28,18:00:00,11.0,21.0,0.0,5.0,0.0,5.0,21.0,PM2.5,Good,Yogyakarta
2021-09-28,19:00:00,11.0,21.0,0.0,5.0,0.0,5.0,21.0,PM2.5,Good,Yogyakarta
2021-09-28,20:00:00,11.0,21.0,0.0,5.0,0.0,5.0,21.0,PM2.5,Good,Yogyakarta
2021-09-28,21:00:00,11.0,20.0,0.0,5.0,0.0,5.0,20.0,PM2.5,Good,Yogyakarta
2021-09-28,22:00:00,11.0,21.0,0.0,5.0,0.0,5.0,21.0,PM2.5,Good,Yogyakarta
2021-09-28,23:00:00,11.0,21.0,0.0,5.0,0.0,5.0,21.0,PM2.5,Good,Yogyakarta
2021-09-29,00:00:00,11.0,22.0,0.0,5.0,0.0,5.0,22.0,PM2.5,Good,Yogyakarta
2021-09-29,01:00:00,12.0,23.0,0.0,6.0,0.0,5.0,23.0,PM2.5,Good,Yogyakarta
2021-09-29,02:00:00,12.0,23.0,0.0,6.0,0.0,5.0,23.0,PM2.5,Good,Yogyakarta
2021-09-29,03:00:00,13.0,24.0,0.0,6.0,0.0,5.0,24.0,PM2.5,Good,Yogyakarta
2021-09-29,04:00:00,13.0,24.0,0.0,6.0,0.0,5.0,24.0,PM2.5,Good,Yogyakarta
2021-09-29,05:00:00,13.0,24.0,0.0,6.0,0.0,5.0,24.0,PM2.5,Good,Yogyakarta
2021-09-29,06:00:00,13.0,25.0,0.0,6.0,0.0,5.0,25.0,PM2.5,Good,Yogyakarta
2021-09-29,07:00:00,14.0,25.0,0.0,6.0,0.0,5.0,25.0,PM2.5,Good,Yogyakarta
2021-09-29,08:00:00,14.0,26.0,0.0,6.0,0.0,5.0,26.0,PM2.5,Good,Yogyakarta
2021-09-29,09:00:00,14.0,26.0,0.0,6.0,0.0,5.0,26.0,PM2.5,Good,Yogyakarta
2021-09-29,10:00:00,14.0,26.0,0.0,6.0,0.0,5.0,26.0,PM2.5,Good,Yogyakarta
2021-09-29,11:00:00,15.0,27.0,0.0,6.0,0.0,5.0,27.0,PM2.5,Good,Yogyakarta
2021-09-29,12:00:00,15.0,28.0,0.0,6.0,0.0,5.0,28.0,PM2.5,Good,Yogyakarta
2021-09-29,13:00:00,16.0,28.0,0.0,6.0,0.0,5.0,28.0,PM2.5,Good,Yogyakarta
2021-09-29,14:00:00,16.0,28.0,0.0,6.0,0.0,5.0,28.0,PM2.5,Good,Yogyakarta
2021-09-29,15:00:00,16.0,28.0,0.0,7.0,0.0,5.0,28.0,PM2.5,Good,Yogyakarta
2021-09-29,16:00:00,16.0,28.0,0.0,7.0,0.0,5.0,28.0,PM2.5,Good,Yogyakarta
2021-09-29,17:00:00,16.0,29.0,0.0,7.0,0.0,5.0,29.0,PM2.5,Good,Yogyakarta
2021-09-29,18:00:00,16.0,29.0,0.0,7.0,0.0,4.0,29.0,PM2.5,Good,Yogyakarta
2021-09-29,19:00:00,16.0,29.0,0.0,7.0,0.0,5.0,29.0,PM2.5,Good,Yogyakarta
2021-09-29,20:00:00,16.0,29.0,0.0,7.0,0.0,4.0,29.0,PM2.5,Good,Yogyakarta
2021-09-29,21:00:00,16.0,30.0,0.0,7.0,0.0,4.0,30.0,PM2.5,Good,Yogyakarta
2021-09-29,22:00:00,16.0,29.0,0.0,7.0,0.0,4.0,29.0,PM2.5,Good,Yogyakarta
2021-09-29,23:00:00,16.0,29.0,0.0,7.0,0.0,4.0,29.0,PM2.5,Good,Yogyakarta
2021-09-30,00:00:00,16.0,28.0,0.0,7.0,0.0,4.0,28.0,PM2.5,Good,Yogyakarta
2021-09-30,01:00:00,16.0,28.0,0.0,7.0,0.0,4.0,28.0,PM2.5,Good,Yogyakarta
2021-09-30,02:00:00,16.0,28.0,0.0,7.0,0.0,4.0,28.0,PM2.5,Good,Yogyakarta
2021-09-30,03:00:00,18.0,32.0,0.0,7.0,1.0,4.0,32.0,PM2.5,Good,Yogyakarta
2021-09-30,04:00:00,18.0,32.0,0.0,6.0,1.0,4.0,32.0,PM2.5,Good,Yogyakarta
2021-09-30,05:00:00,18.0,33.0,0.0,6.0,2.0,4.0,33.0,PM2.5,Good,Yogyakarta
2021-09-30,06:00:00,18.0,32.0,0.0,6.0,3.0,4.0,32.0,PM2.5,Good,Yogyakarta
2021-09-30,07:00:00,18.0,32.0,0.0,6.0,3.0,4.0,32.0,PM2.5,Good,Yogyakarta
2021-09-30,08:00:00,17.0,32.0,0.0,6.0,4.0,4.0,32.0,PM2.5,Good,Yogyakarta
2021-09-30,09:00:00,17.0,32.0,0.0,6.0,4.0,4.0,32.0,PM2.5,Good,Yogyakarta
2021-09-30,10:00:00,17.0,32.0,0.0,6.0,4.0,4.0,32.0,PM2.5,Good,Yogyakarta
2021-09-30,11:00:00,17.0,31.0,0.0,7.0,4.0,4.0,31.0,PM2.5,Good,Yogyakarta
2021-09-30,12:00:00,17.0,32.0,0.0,6.0,4.0,4.0,32.0,PM2.5,Good,Yogyakarta
2021-09-30,13:00:00,17.0,32.0,0.0,7.0,4.0,4.0,32.0,PM2.5,Good,Yogyakarta
2021-09-30,14:00:00,18.0,33.0,0.0,7.0,4.0,4.0,33.0,PM2.5,Good,Yogyakarta
2021-09-30,15:00:00,18.0,34.0,0.0,7.0,4.0,4.0,34.0,PM2.5,Good,Yogyakarta
2021-09-30,16:00:00,18.0,34.0,0.0,7.0,4.0,4.0,34.0,PM2.5,Good,Yogyakarta
2021-09-30,17:00:00,19.0,35.0,0.0,7.0,4.0,4.0,35.0,PM2.5,Good,Yogyakarta
2021-09-30,18:00:00,19.0,35.0,0.0,7.0,4.0,4.0,35.0,PM2.5,Good,Yogyakarta
2021-09-30,19:00:00,19.0,35.0,0.0,7.0,4.0,4.0,35.0,PM2.5,Good,Yogyakarta
2021-09-30,20:00:00,19.0,35.0,0.0,7.0,4.0,4.0,35.0,PM2.5,Good,Yogyakarta
2021-09-30,21:00:00,19.0,36.0,0.0,7.0,5.0,4.0,36.0,PM2.5,Good,Yogyakarta
2021-09-30,22:00:00,20.0,36.0,0.0,7.0,5.0,4.0,36.0,PM2.5,Good,Yogyakarta
2021-09-30,23:00:00,20.0,36.0,0.0,7.0,5.0,4.0,36.0,PM2.5,Good,Yogyakarta
2021-09-01,,79.0,118.0,55.0,16.0,32.0,38.0,118.0,PM25,TIDAK SEHAT,Jakarta
2021-09-02,,66.0,115.0,52.0,15.0,39.0,28.0,115.0,PM25,TIDAK SEHAT,Jakarta
2021-09-03,,66.0,111.0,51.0,11.0,45.0,30.0,111.0,PM25,TIDAK SEHAT,Jakarta
2021-09-04,,62.0,93.0,50.0,10.0,37.0,28.0,93.0,PM25,SEDANG,Jakarta
2021-09-05,,74.0,120.0,52.0,12.0,36.0,28.0,120.0,PM25,TIDAK SEHAT,Jakarta
2021-09-06,,73.0,109.0,51.0,13.0,34.0,24.0,109.0,PM25,TIDAK SEHAT,Jakarta
2021-09-07,,60.0,86.0,51.0,11.0,27.0,24.0,86.0,PM25,SEDANG,Jakarta
2021-09-08,,64.0,106.0,52.0,16.0,29.0,34.0,106.0,PM25,TIDAK SEHAT,Jakarta
2021-09-09,,68.0,88.0,54.0,12.0,35.0,31.0,88.0,PM25,SEDANG,Jakarta
2021-09-10,,58.0,80.0,53.0,10.0,39.0,32.0,80.0,PM25,SEDANG,Jakarta
2021-09-11,,70.0,109.0,53.0,12.0,46.0,41.0,109.0,PM25,TIDAK SEHAT,Jakarta
2021-09-12,,66.0,111.0,51.0,10.0,36.0,27.0,111.0,PM25,TIDAK SEHAT,Jakarta
2021-09-13,,56.0,88.0,52.0,9.0,27.0,21.0,88.0,PM25,SEDANG,Jakarta
2021-09-14,,36.0,61.0,50.0,8.0,47.0,19.0,61.0,PM25,SEDANG,Jakarta
2021-09-15,,69.0,110.0,54.0,20.0,45.0,45.0,110.0,PM25,TIDAK SEHAT,Jakarta
2021-09-16,,53.0,89.0,52.0,10.0,52.0,24.0,89.0,PM25,SEDANG,Jakarta
2021-09-17,,50.0,85.0,51.0,7.0,53.0,20.0,85.0,PM25,SEDANG,Jakarta
2021-09-18,,57.0,101.0,53.0,9.0,51.0,22.0,101.0,PM25,TIDAK SEHAT,Jakarta
2021-09-19,,56.0,83.0,50.0,10.0,68.0,19.0,83.0,PM25,SEDANG,Jakarta
2021-09-20,,58.0,81.0,52.0,11.0,54.0,34.0,81.0,PM25,SEDANG,Jakarta
2021-09-21,,61.0,99.0,52.0,11.0,58.0,36.0,99.0,PM25,SEDANG,Jakarta
2021-09-22,,64.0,119.0,54.0,14.0,48.0,32.0,119.0,PM25,TIDAK SEHAT,Jakarta
2021-09-23,,61.0,116.0,53.0,10.0,53.0,22.0,116.0,PM25,TIDAK SEHAT,Jakarta
2021-09-24,,57.0,109.0,53.0,8.0,47.0,26.0,109.0,PM25,TIDAK SEHAT,Jakarta
2021-09-25,,55.0,102.0,52.0,11.0,50.0,20.0,102.0,PM25,TIDAK SEHAT,Jakarta
2021-09-26,,56.0,98.0,50.0,10.0,54.0,19.0,98.0,PM25,SEDANG,Jakarta
2021-09-27,,53.0,89.0,49.0,12.0,47.0,33.0,89.0,PM25,SEDANG,Jakarta
2021-09-28,,49.0,71.0,49.0,10.0,49.0,28.0,71.0,PM25,SEDANG,Jakarta
2021-09-29,,61.0,102.0,57.0,13.0,63.0,38.0,102.0,PM25,TIDAK SEHAT,Jakarta
2021-09-30,,71.0,117.0,63.0,16.0,63.0,37.0,117.0,PM25,TIDAK SEHAT,Jakarta
